{"accuracy": 0.0, "response_time": 9.412397861480713, "precision": 0.0, "recall": 0.0, "f1_score": 0.0, "bleu_score": 0.19584166469329636, "rouge1_score": 0.2514705882352941, "rougeL_score": 0.19264705882352942}